{"cameraMode":{"drawMode":0,"name":"Shaded","section":"Shading Mode"},"sceneLighting":false,"audioPlay":false,"sceneViewState":{"showFog":true,"showMaterialUpdate":false,"showSkybox":false,"showFlares":true,"showImageEffects":true,"showParticleSystems":true},"in2DMode":false,"pivot":{"x":-3.694415807723999,"y":-0.4273573160171509,"z":1.059725284576416},"rotation":{"x":-0.08923885971307755,"y":0.6749041676521301,"z":-0.082481250166893,"w":-0.7279438376426697},"size":5.107395172119141,"orthographic":false}