{"cameraMode":{"drawMode":0,"name":"Shaded","section":"Shading Mode"},"sceneLighting":false,"audioPlay":false,"sceneViewState":{"showFog":true,"showMaterialUpdate":false,"showSkybox":false,"showFlares":true,"showImageEffects":true,"showParticleSystems":true},"in2DMode":false,"pivot":{"x":13.411502838134766,"y":1.8850524425506592,"z":9.28127384185791},"rotation":{"x":0.40755483508110049,"y":-0.35981035232543948,"z":0.17823059856891633,"w":0.8205604553222656},"size":5.196152210235596,"orthographic":false}