{"cameraMode":{"drawMode":0,"name":"Shaded","section":"Shading Mode"},"sceneLighting":false,"audioPlay":false,"sceneViewState":{"showFog":true,"showMaterialUpdate":false,"showSkybox":false,"showFlares":true,"showImageEffects":true,"showParticleSystems":true},"in2DMode":false,"pivot":{"x":8.579893112182618,"y":-5.391232490539551,"z":-10.664358139038086},"rotation":{"x":-0.07474429905414581,"y":-0.9178686141967773,"z":0.20900097489356996,"w":-0.32926487922668459},"size":10.449999809265137,"orthographic":false}