{"cameraMode":{"drawMode":0,"name":"Shaded","section":"Shading Mode"},"sceneLighting":true,"audioPlay":false,"sceneViewState":{"showFog":true,"showMaterialUpdate":false,"showSkybox":true,"showFlares":true,"showImageEffects":true,"showParticleSystems":true},"in2DMode":false,"pivot":{"x":-30.783889770507814,"y":15.833770751953125,"z":-41.11973571777344},"rotation":{"x":-0.2618016004562378,"y":-0.40665873885154726,"z":0.12159021943807602,"w":-0.8668093681335449},"size":5.196152210235596,"orthographic":false}