{"cameraMode":{"drawMode":0,"name":"Shaded","section":"Shading Mode"},"sceneLighting":false,"audioPlay":false,"sceneViewState":{"showFog":true,"showMaterialUpdate":false,"showSkybox":false,"showFlares":true,"showImageEffects":true,"showParticleSystems":true},"in2DMode":false,"pivot":{"x":1.1070839166641236,"y":1.0996410846710206,"z":0.19856394827365876},"rotation":{"x":0.01870105043053627,"y":-0.8624028563499451,"z":0.5050661563873291,"w":0.03147955611348152},"size":0.9794653058052063,"orthographic":false}