{"cameraMode":{"drawMode":0,"name":"Shaded","section":"Shading Mode"},"sceneLighting":true,"audioPlay":false,"sceneViewState":{"showFog":true,"showMaterialUpdate":false,"showSkybox":false,"showFlares":true,"showImageEffects":true,"showParticleSystems":true},"in2DMode":false,"pivot":{"x":0.06376616656780243,"y":0.14456474781036378,"z":-0.026553750038146974},"rotation":{"x":-0.2584778368473053,"y":-0.024409295991063119,"z":0.005819027777761221,"w":-0.9664396643638611},"size":0.7315552830696106,"orthographic":false}