{"cameraMode":{"drawMode":0,"name":"Shaded","section":"Shading Mode"},"sceneLighting":false,"audioPlay":false,"sceneViewState":{"showFog":true,"showMaterialUpdate":false,"showSkybox":false,"showFlares":true,"showImageEffects":true,"showParticleSystems":true},"in2DMode":false,"pivot":{"x":-2.0599987506866457,"y":1.2991710901260377,"z":-0.004794716835021973},"rotation":{"x":0.3493368625640869,"y":0.048854436725378039,"z":-0.018352683633565904,"w":0.9357359409332275},"size":0.5257444381713867,"orthographic":false}