{"cameraMode":{"drawMode":0,"name":"Shaded","section":"Shading Mode"},"sceneLighting":false,"audioPlay":false,"sceneViewState":{"showFog":true,"showMaterialUpdate":false,"showSkybox":false,"showFlares":true,"showImageEffects":true,"showParticleSystems":true},"in2DMode":false,"pivot":{"x":0.008909068070352078,"y":-10.434504508972168,"z":-13.294139862060547},"rotation":{"x":0.013091258704662323,"y":-0.9447928667068481,"z":0.3255181610584259,"w":0.037386782467365268},"size":10.0,"orthographic":false}