{"cameraMode":{"drawMode":0,"name":"Shaded","section":"Shading Mode"},"sceneLighting":false,"audioPlay":false,"sceneViewState":{"showFog":true,"showMaterialUpdate":false,"showSkybox":false,"showFlares":true,"showImageEffects":true,"showParticleSystems":true},"in2DMode":false,"pivot":{"x":11.957121849060059,"y":-2.886629343032837,"z":2.4256386756896974},"rotation":{"x":-0.11388742923736572,"y":-0.5696663856506348,"z":0.08032780140638352,"w":-0.8100758790969849},"size":10.449999809265137,"orthographic":false}