{"cameraMode":{"drawMode":0,"name":"Shaded","section":"Shading Mode"},"sceneLighting":false,"audioPlay":false,"sceneViewState":{"showFog":true,"showMaterialUpdate":false,"showSkybox":false,"showFlares":true,"showImageEffects":true,"showParticleSystems":true},"in2DMode":false,"pivot":{"x":0.15358217060565949,"y":0.7270374894142151,"z":-0.6011995673179627},"rotation":{"x":0.24451641738414765,"y":-0.5983613729476929,"z":0.19778156280517579,"w":0.7373650074005127},"size":1.8529280424118043,"orthographic":false}