{"cameraMode":{"drawMode":0,"name":"Shaded","section":"Shading Mode"},"sceneLighting":false,"audioPlay":false,"sceneViewState":{"showFog":true,"showMaterialUpdate":false,"showSkybox":false,"showFlares":true,"showImageEffects":true,"showParticleSystems":true},"in2DMode":false,"pivot":{"x":-0.13499999046325684,"y":0.39565396308898928,"z":-0.12999999523162843},"rotation":{"x":-0.0784364640712738,"y":-0.702873170375824,"z":0.07662634551525116,"w":-0.703444242477417},"size":1.877977728843689,"orthographic":false}