{"cameraMode":{"drawMode":0,"name":"Shaded","section":"Shading Mode"},"sceneLighting":false,"audioPlay":false,"sceneViewState":{"showFog":true,"showMaterialUpdate":false,"showSkybox":false,"showFlares":true,"showImageEffects":true,"showParticleSystems":true},"in2DMode":false,"pivot":{"x":273.3490295410156,"y":239.8367919921875,"z":0.4622802734375},"rotation":{"x":0.07361005246639252,"y":-0.059806033968925479,"z":0.004419927019625902,"w":0.9954859018325806},"size":181.0193328857422,"orthographic":false}