{"cameraMode":{"drawMode":0,"name":"Shaded","section":"Shading Mode"},"sceneLighting":true,"audioPlay":false,"sceneViewState":{"showFog":true,"showMaterialUpdate":false,"showSkybox":true,"showFlares":true,"showImageEffects":true,"showParticleSystems":true},"in2DMode":false,"pivot":{"x":-8.687189102172852,"y":-0.19428443908691407,"z":16.45449447631836},"rotation":{"x":0.16146054863929749,"y":0.04410768672823906,"z":-0.007201861124485731,"w":0.9860208630561829},"size":5.502395153045654,"orthographic":false}