{"cameraMode":{"drawMode":0,"name":"Shaded","section":"Shading Mode"},"sceneLighting":false,"audioPlay":false,"sceneViewState":{"showFog":true,"showMaterialUpdate":false,"showSkybox":false,"showFlares":true,"showImageEffects":true,"showParticleSystems":true},"in2DMode":false,"pivot":{"x":-0.13500000536441804,"y":0.3700000047683716,"z":-0.12999999523162843},"rotation":{"x":0.3455229103565216,"y":-0.3952314853668213,"z":0.1628822535276413,"w":0.8357785940170288},"size":10.0,"orthographic":false}