{"cameraMode":{"drawMode":0,"name":"Shaded","section":"Shading Mode"},"sceneLighting":false,"audioPlay":false,"sceneViewState":{"showFog":true,"showMaterialUpdate":false,"showSkybox":false,"showFlares":true,"showImageEffects":true,"showParticleSystems":true},"in2DMode":false,"pivot":{"x":0.03096485137939453,"y":-0.29665541648864748,"z":1.9189844131469727},"rotation":{"x":-0.2903890311717987,"y":-0.08504170924425125,"z":0.026338940486311914,"w":-0.9529896378517151},"size":3.716853618621826,"orthographic":false}