{"cameraMode":{"drawMode":0,"name":"Shaded","section":"Shading Mode"},"sceneLighting":true,"audioPlay":false,"sceneViewState":{"showFog":true,"showMaterialUpdate":false,"showSkybox":true,"showFlares":true,"showImageEffects":true,"showParticleSystems":true},"in2DMode":false,"pivot":{"x":28.945663452148439,"y":12.880773544311524,"z":-13.866776466369629},"rotation":{"x":-0.23971647024154664,"y":-0.21344608068466187,"z":0.05278601869940758,"w":-0.9463374614715576},"size":4.097818374633789,"orthographic":false}