{"cameraMode":{"drawMode":0,"name":"Shaded","section":"Shading Mode"},"sceneLighting":false,"audioPlay":false,"sceneViewState":{"showFog":true,"showMaterialUpdate":false,"showSkybox":false,"showFlares":true,"showImageEffects":true,"showParticleSystems":true},"in2DMode":false,"pivot":{"x":-6.115202903747559,"y":12.824570655822754,"z":8.038302421569825},"rotation":{"x":0.09714355319738388,"y":0.892443835735321,"z":-0.23156240582466126,"w":0.37503424286842348},"size":10.224251747131348,"orthographic":false}