{"cameraMode":{"drawMode":0,"name":"Shaded","section":"Shading Mode"},"sceneLighting":false,"audioPlay":false,"sceneViewState":{"showFog":true,"showMaterialUpdate":false,"showSkybox":false,"showFlares":true,"showImageEffects":true,"showParticleSystems":true},"in2DMode":false,"pivot":{"x":1.260243535041809,"y":-0.5545485019683838,"z":2.436981201171875},"rotation":{"x":-0.21143989264965058,"y":-0.050348203629255298,"z":0.01136411726474762,"w":-0.9762548804283142},"size":3.716853618621826,"orthographic":false}