{"cameraMode":{"drawMode":0,"name":"Shaded","section":"Shading Mode"},"sceneLighting":false,"audioPlay":false,"sceneViewState":{"showFog":true,"showMaterialUpdate":false,"showSkybox":false,"showFlares":true,"showImageEffects":true,"showParticleSystems":true},"in2DMode":false,"pivot":{"x":1.4552621841430665,"y":1.5247318744659424,"z":-0.5975764989852905},"rotation":{"x":0.18100938200950623,"y":-0.5737977623939514,"z":0.13107958436012269,"w":0.7883304953575134},"size":1.8529280424118043,"orthographic":false}