{"cameraMode":{"drawMode":0,"name":"Shaded","section":"Shading Mode"},"sceneLighting":false,"audioPlay":false,"sceneViewState":{"showFog":true,"showMaterialUpdate":false,"showSkybox":false,"showFlares":true,"showImageEffects":true,"showParticleSystems":true},"in2DMode":false,"pivot":{"x":-0.13499999046325684,"y":0.39565399289131167,"z":-0.12999999523162843},"rotation":{"x":0.390316903591156,"y":-0.10940230637788773,"z":0.04632822051644325,"w":0.913338840007782},"size":1.8529280424118043,"orthographic":false}