{"cameraMode":{"drawMode":0,"name":"Shaded","section":"Shading Mode"},"sceneLighting":false,"audioPlay":false,"sceneViewState":{"showFog":true,"showMaterialUpdate":false,"showSkybox":false,"showFlares":true,"showImageEffects":true,"showParticleSystems":true},"in2DMode":false,"pivot":{"x":-3.0312507152557375,"y":5.244478702545166,"z":2.760249614715576},"rotation":{"x":0.07718349993228913,"y":0.8877037167549133,"z":-0.16189070045948029,"w":0.4242394268512726},"size":10.224251747131348,"orthographic":false}