{"cameraMode":{"drawMode":0,"name":"Shaded","section":"Shading Mode"},"sceneLighting":false,"audioPlay":false,"sceneViewState":{"showFog":true,"showMaterialUpdate":false,"showSkybox":false,"showFlares":true,"showImageEffects":true,"showParticleSystems":true},"in2DMode":false,"pivot":{"x":-3.6539833545684816,"y":-0.009431270882487297,"z":2.7992007732391359},"rotation":{"x":-0.07485096901655197,"y":0.6665759086608887,"z":-0.06728427857160568,"w":-0.7387227416038513},"size":10.0,"orthographic":false}